path,text_id,emo,emo_emb
/home/ubuntu/efs/sts/train/tts/53998_default_tts.wav,53998,default,/home/ubuntu/efs/sts/train/tts/53998_default_tts.wav.emo.npy
path,text_id,emo,emo_emb
/home/ubuntu/efs/sts/train/tts/63607_shouting_tts.wav,63607,shouting,/home/ubuntu/efs/sts/train/tts/63607_shouting_tts.wav.emo.npy
path,text_id,emo,emo_emb
/home/ubuntu/efs/sts/train/tts/7074_default_tts.wav,7074,default,/home/ubuntu/efs/sts/train/tts/7074_default_tts.wav.emo.npy
path,text_id,emo,emo_emb
/home/ubuntu/efs/sts/train/tts/42439_shouting_tts.wav,42439,shouting,/home/ubuntu/efs/sts/train/tts/42439_shouting_tts.wav.emo.npy
path,text_id,emo,emo_emb
/home/ubuntu/efs/sts/train/tts/63607_angry_tts.wav,63607,angry,/home/ubuntu/efs/sts/train/tts/63607_angry_tts.wav.emo.npy
path,text_id,emo,emo_emb
/home/ubuntu/efs/sts/train/tts/42974_friendly_tts.wav,42974,friendly,/home/ubuntu/efs/sts/train/tts/42974_friendly_tts.wav.emo.npy
path,text_id,emo,emo_emb
/home/ubuntu/efs/sts/train/tts/42439_angry_tts.wav,42439,angry,/home/ubuntu/efs/sts/train/tts/42439_angry_tts.wav.emo.npy
path,text_id,emo,emo_emb
/home/ubuntu/efs/sts/train/tts/29290_angry_tts.wav,29290,angry,/home/ubuntu/efs/sts/train/tts/29290_angry_tts.wav.emo.npy
path,text_id,emo,emo_emb
/home/ubuntu/efs/sts/train/tts/29039_whispering_tts.wav,29039,whispering,/home/ubuntu/efs/sts/train/tts/29039_whispering_tts.wav.emo.npy
path,text_id,emo,emo_emb
/home/ubuntu/efs/sts/train/tts/64247_whispering_tts.wav,64247,whispering,/home/ubuntu/efs/sts/train/tts/64247_whispering_tts.wav.emo.npy
path,text_id,emo,emo_emb
/home/ubuntu/efs/sts/train/tts/25639_cheerful_tts.wav,25639,cheerful,/home/ubuntu/efs/sts/train/tts/25639_cheerful_tts.wav.emo.npy
path,text_id,emo,emo_emb
/home/ubuntu/efs/sts/train/tts/29290_shouting_tts.wav,29290,shouting,/home/ubuntu/efs/sts/train/tts/29290_shouting_tts.wav.emo.npy
path,text_id,emo,emo_emb
/home/ubuntu/efs/sts/train/tts/25639_terrified_tts.wav,25639,terrified,/home/ubuntu/efs/sts/train/tts/25639_terrified_tts.wav.emo.npy
path,text_id,emo,emo_emb
/home/ubuntu/efs/sts/train/tts/42974_default_tts.wav,42974,default,/home/ubuntu/efs/sts/train/tts/42974_default_tts.wav.emo.npy
path,text_id,emo,emo_emb
/home/ubuntu/efs/sts/train/tts/25639_excited_tts.wav,25639,excited,/home/ubuntu/efs/sts/train/tts/25639_excited_tts.wav.emo.npy
path,text_id,emo,emo_emb
/home/ubuntu/efs/sts/train/tts/64247_sad_tts.wav,64247,sad,/home/ubuntu/efs/sts/train/tts/64247_sad_tts.wav.emo.npy
path,text_id,emo,emo_emb
/home/ubuntu/efs/sts/train/tts/53998_friendly_tts.wav,53998,friendly,/home/ubuntu/efs/sts/train/tts/53998_friendly_tts.wav.emo.npy
path,text_id,emo,emo_emb
/home/ubuntu/efs/sts/train/tts/7074_friendly_tts.wav,7074,friendly,/home/ubuntu/efs/sts/train/tts/7074_friendly_tts.wav.emo.npy
path,text_id,emo,emo_emb
/home/ubuntu/efs/sts/train/tts/29039_sad_tts.wav,29039,sad,/home/ubuntu/efs/sts/train/tts/29039_sad_tts.wav.emo.npy
path,text_id,emo,emo_emb
/home/ubuntu/efs/sts/train/tts/19548_whispering_tts.wav,19548,whispering,/home/ubuntu/efs/sts/train/tts/19548_whispering_tts.wav.emo.npy
path,text_id,emo,emo_emb
/home/ubuntu/efs/sts/train/tts/42439_default_tts.wav,42439,default,/home/ubuntu/efs/sts/train/tts/42439_default_tts.wav.emo.npy
path,text_id,emo,emo_emb
/home/ubuntu/efs/sts/train/tts/60537_excited_tts.wav,60537,excited,/home/ubuntu/efs/sts/train/tts/60537_excited_tts.wav.emo.npy
path,text_id,emo,emo_emb
/home/ubuntu/efs/sts/train/tts/30163_terrified_tts.wav,30163,terrified,/home/ubuntu/efs/sts/train/tts/30163_terrified_tts.wav.emo.npy
path,text_id,emo,emo_emb
/home/ubuntu/efs/sts/train/tts/30163_cheerful_tts.wav,30163,cheerful,/home/ubuntu/efs/sts/train/tts/30163_cheerful_tts.wav.emo.npy
path,text_id,emo,emo_emb
/home/ubuntu/efs/sts/train/tts/63607_default_tts.wav,63607,default,/home/ubuntu/efs/sts/train/tts/63607_default_tts.wav.emo.npy
path,text_id,emo,emo_emb
/home/ubuntu/efs/sts/train/tts/34273_sad_tts.wav,34273,sad,/home/ubuntu/efs/sts/train/tts/34273_sad_tts.wav.emo.npy
path,text_id,emo,emo_emb
/home/ubuntu/efs/sts/train/tts/42974_angry_tts.wav,42974,angry,/home/ubuntu/efs/sts/train/tts/42974_angry_tts.wav.emo.npy
path,text_id,emo,emo_emb
/home/ubuntu/efs/sts/train/tts/11911_cheerful_tts.wav,11911,cheerful,/home/ubuntu/efs/sts/train/tts/11911_cheerful_tts.wav.emo.npy
path,text_id,emo,emo_emb
/home/ubuntu/efs/sts/train/tts/43824_excited_tts.wav,43824,excited,/home/ubuntu/efs/sts/train/tts/43824_excited_tts.wav.emo.npy
path,text_id,emo,emo_emb
/home/ubuntu/efs/sts/train/tts/11911_terrified_tts.wav,11911,terrified,/home/ubuntu/efs/sts/train/tts/11911_terrified_tts.wav.emo.npy
path,text_id,emo,emo_emb
/home/ubuntu/efs/sts/train/tts/40063_cheerful_tts.wav,40063,cheerful,/home/ubuntu/efs/sts/train/tts/40063_cheerful_tts.wav.emo.npy
path,text_id,emo,emo_emb
/home/ubuntu/efs/sts/train/tts/40063_terrified_tts.wav,40063,terrified,/home/ubuntu/efs/sts/train/tts/40063_terrified_tts.wav.emo.npy
path,text_id,emo,emo_emb
/home/ubuntu/efs/sts/train/tts/42974_shouting_tts.wav,42974,shouting,/home/ubuntu/efs/sts/train/tts/42974_shouting_tts.wav.emo.npy
path,text_id,emo,emo_emb
/home/ubuntu/efs/sts/train/tts/30448_sad_tts.wav,30448,sad,/home/ubuntu/efs/sts/train/tts/30448_sad_tts.wav.emo.npy
path,text_id,emo,emo_emb
/home/ubuntu/efs/sts/train/tts/25437_excited_tts.wav,25437,excited,/home/ubuntu/efs/sts/train/tts/25437_excited_tts.wav.emo.npy
path,text_id,emo,emo_emb
/home/ubuntu/efs/sts/train/tts/17993_terrified_tts.wav,17993,terrified,/home/ubuntu/efs/sts/train/tts/17993_terrified_tts.wav.emo.npy
path,text_id,emo,emo_emb
/home/ubuntu/efs/sts/train/tts/17993_cheerful_tts.wav,17993,cheerful,/home/ubuntu/efs/sts/train/tts/17993_cheerful_tts.wav.emo.npy
path,text_id,emo,emo_emb
/home/ubuntu/efs/sts/train/tts/47037_excited_tts.wav,47037,excited,/home/ubuntu/efs/sts/train/tts/47037_excited_tts.wav.emo.npy
path,text_id,emo,emo_emb
/home/ubuntu/efs/sts/train/tts/29290_default_tts.wav,29290,default,/home/ubuntu/efs/sts/train/tts/29290_default_tts.wav.emo.npy
path,text_id,emo,emo_emb
/home/ubuntu/efs/sts/train/tts/28560_excited_tts.wav,28560,excited,/home/ubuntu/efs/sts/train/tts/28560_excited_tts.wav.emo.npy
path,text_id,emo,emo_emb
/home/ubuntu/efs/sts/train/tts/28560_terrified_tts.wav,28560,terrified,/home/ubuntu/efs/sts/train/tts/28560_terrified_tts.wav.emo.npy
path,text_id,emo,emo_emb
/home/ubuntu/efs/sts/train/tts/47037_cheerful_tts.wav,47037,cheerful,/home/ubuntu/efs/sts/train/tts/47037_cheerful_tts.wav.emo.npy
path,text_id,emo,emo_emb
/home/ubuntu/efs/sts/train/tts/11911_excited_tts.wav,11911,excited,/home/ubuntu/efs/sts/train/tts/11911_excited_tts.wav.emo.npy
path,text_id,emo,emo_emb
/home/ubuntu/efs/sts/train/tts/47037_terrified_tts.wav,47037,terrified,/home/ubuntu/efs/sts/train/tts/47037_terrified_tts.wav.emo.npy
path,text_id,emo,emo_emb
/home/ubuntu/efs/sts/train/tts/28560_cheerful_tts.wav,28560,cheerful,/home/ubuntu/efs/sts/train/tts/28560_cheerful_tts.wav.emo.npy
path,text_id,emo,emo_emb
/home/ubuntu/efs/sts/train/tts/40063_excited_tts.wav,40063,excited,/home/ubuntu/efs/sts/train/tts/40063_excited_tts.wav.emo.npy
path,text_id,emo,emo_emb
/home/ubuntu/efs/sts/train/tts/30448_whispering_tts.wav,30448,whispering,/home/ubuntu/efs/sts/train/tts/30448_whispering_tts.wav.emo.npy
path,text_id,emo,emo_emb
/home/ubuntu/efs/sts/train/tts/25437_terrified_tts.wav,25437,terrified,/home/ubuntu/efs/sts/train/tts/25437_terrified_tts.wav.emo.npy
path,text_id,emo,emo_emb
/home/ubuntu/efs/sts/train/tts/30163_excited_tts.wav,30163,excited,/home/ubuntu/efs/sts/train/tts/30163_excited_tts.wav.emo.npy
path,text_id,emo,emo_emb
/home/ubuntu/efs/sts/train/tts/25437_cheerful_tts.wav,25437,cheerful,/home/ubuntu/efs/sts/train/tts/25437_cheerful_tts.wav.emo.npy
path,text_id,emo,emo_emb
/home/ubuntu/efs/sts/train/tts/19548_sad_tts.wav,19548,sad,/home/ubuntu/efs/sts/train/tts/19548_sad_tts.wav.emo.npy
path,text_id,emo,emo_emb
/home/ubuntu/efs/sts/train/tts/29290_friendly_tts.wav,29290,friendly,/home/ubuntu/efs/sts/train/tts/29290_friendly_tts.wav.emo.npy
path,text_id,emo,emo_emb
/home/ubuntu/efs/sts/train/tts/53998_angry_tts.wav,53998,angry,/home/ubuntu/efs/sts/train/tts/53998_angry_tts.wav.emo.npy
path,text_id,emo,emo_emb
/home/ubuntu/efs/sts/train/tts/60537_terrified_tts.wav,60537,terrified,/home/ubuntu/efs/sts/train/tts/60537_terrified_tts.wav.emo.npy
path,text_id,emo,emo_emb
/home/ubuntu/efs/sts/train/tts/7074_angry_tts.wav,7074,angry,/home/ubuntu/efs/sts/train/tts/7074_angry_tts.wav.emo.npy
path,text_id,emo,emo_emb
/home/ubuntu/efs/sts/train/tts/60537_cheerful_tts.wav,60537,cheerful,/home/ubuntu/efs/sts/train/tts/60537_cheerful_tts.wav.emo.npy
path,text_id,emo,emo_emb
/home/ubuntu/efs/sts/train/tts/34273_whispering_tts.wav,34273,whispering,/home/ubuntu/efs/sts/train/tts/34273_whispering_tts.wav.emo.npy
path,text_id,emo,emo_emb
/home/ubuntu/efs/sts/train/tts/17993_excited_tts.wav,17993,excited,/home/ubuntu/efs/sts/train/tts/17993_excited_tts.wav.emo.npy
path,text_id,emo,emo_emb
/home/ubuntu/efs/sts/train/tts/43824_cheerful_tts.wav,43824,cheerful,/home/ubuntu/efs/sts/train/tts/43824_cheerful_tts.wav.emo.npy
path,text_id,emo,emo_emb
/home/ubuntu/efs/sts/train/tts/63607_friendly_tts.wav,63607,friendly,/home/ubuntu/efs/sts/train/tts/63607_friendly_tts.wav.emo.npy
path,text_id,emo,emo_emb
/home/ubuntu/efs/sts/train/tts/43824_terrified_tts.wav,43824,terrified,/home/ubuntu/efs/sts/train/tts/43824_terrified_tts.wav.emo.npy
path,text_id,emo,emo_emb
/home/ubuntu/efs/sts/train/tts/7074_shouting_tts.wav,7074,shouting,/home/ubuntu/efs/sts/train/tts/7074_shouting_tts.wav.emo.npy
path,text_id,emo,emo_emb
/home/ubuntu/efs/sts/train/tts/42439_friendly_tts.wav,42439,friendly,/home/ubuntu/efs/sts/train/tts/42439_friendly_tts.wav.emo.npy
path,text_id,emo,emo_emb
/home/ubuntu/efs/sts/train/tts/53998_shouting_tts.wav,53998,shouting,/home/ubuntu/efs/sts/train/tts/53998_shouting_tts.wav.emo.npy
path,text_id,emo,emo_emb
/home/ubuntu/efs/sts/train/tts/27663_angry_tts.wav,27663,angry,/home/ubuntu/efs/sts/train/tts/27663_angry_tts.wav.emo.npy
path,text_id,emo,emo_emb
/home/ubuntu/efs/sts/train/tts/19548_cheerful_tts.wav,19548,cheerful,/home/ubuntu/efs/sts/train/tts/19548_cheerful_tts.wav.emo.npy
path,text_id,emo,emo_emb
/home/ubuntu/efs/sts/train/tts/27663_shouting_tts.wav,27663,shouting,/home/ubuntu/efs/sts/train/tts/27663_shouting_tts.wav.emo.npy
path,text_id,emo,emo_emb
/home/ubuntu/efs/sts/train/tts/34273_excited_tts.wav,34273,excited,/home/ubuntu/efs/sts/train/tts/34273_excited_tts.wav.emo.npy
path,text_id,emo,emo_emb
/home/ubuntu/efs/sts/train/tts/19548_terrified_tts.wav,19548,terrified,/home/ubuntu/efs/sts/train/tts/19548_terrified_tts.wav.emo.npy
path,text_id,emo,emo_emb
/home/ubuntu/efs/sts/train/tts/27951_shouting_tts.wav,27951,shouting,/home/ubuntu/efs/sts/train/tts/27951_shouting_tts.wav.emo.npy
path,text_id,emo,emo_emb
/home/ubuntu/efs/sts/train/tts/27951_angry_tts.wav,27951,angry,/home/ubuntu/efs/sts/train/tts/27951_angry_tts.wav.emo.npy
path,text_id,emo,emo_emb
/home/ubuntu/efs/sts/train/tts/21917_default_tts.wav,21917,default,/home/ubuntu/efs/sts/train/tts/21917_default_tts.wav.emo.npy
path,text_id,emo,emo_emb
/home/ubuntu/efs/sts/train/tts/25639_whispering_tts.wav,25639,whispering,/home/ubuntu/efs/sts/train/tts/25639_whispering_tts.wav.emo.npy
path,text_id,emo,emo_emb
/home/ubuntu/efs/sts/train/tts/47850_angry_tts.wav,47850,angry,/home/ubuntu/efs/sts/train/tts/47850_angry_tts.wav.emo.npy
path,text_id,emo,emo_emb
/home/ubuntu/efs/sts/train/tts/47850_shouting_tts.wav,47850,shouting,/home/ubuntu/efs/sts/train/tts/47850_shouting_tts.wav.emo.npy
path,text_id,emo,emo_emb
/home/ubuntu/efs/sts/train/tts/30448_excited_tts.wav,30448,excited,/home/ubuntu/efs/sts/train/tts/30448_excited_tts.wav.emo.npy
path,text_id,emo,emo_emb
/home/ubuntu/efs/sts/train/tts/30448_terrified_tts.wav,30448,terrified,/home/ubuntu/efs/sts/train/tts/30448_terrified_tts.wav.emo.npy
path,text_id,emo,emo_emb
/home/ubuntu/efs/sts/train/tts/19548_excited_tts.wav,19548,excited,/home/ubuntu/efs/sts/train/tts/19548_excited_tts.wav.emo.npy
path,text_id,emo,emo_emb
/home/ubuntu/efs/sts/train/tts/21917_friendly_tts.wav,21917,friendly,/home/ubuntu/efs/sts/train/tts/21917_friendly_tts.wav.emo.npy
path,text_id,emo,emo_emb
/home/ubuntu/efs/sts/train/tts/30448_cheerful_tts.wav,30448,cheerful,/home/ubuntu/efs/sts/train/tts/30448_cheerful_tts.wav.emo.npy
path,text_id,emo,emo_emb
/home/ubuntu/efs/sts/train/tts/34273_cheerful_tts.wav,34273,cheerful,/home/ubuntu/efs/sts/train/tts/34273_cheerful_tts.wav.emo.npy
path,text_id,emo,emo_emb
/home/ubuntu/efs/sts/train/tts/25639_sad_tts.wav,25639,sad,/home/ubuntu/efs/sts/train/tts/25639_sad_tts.wav.emo.npy
path,text_id,emo,emo_emb
/home/ubuntu/efs/sts/train/tts/34273_terrified_tts.wav,34273,terrified,/home/ubuntu/efs/sts/train/tts/34273_terrified_tts.wav.emo.npy
path,text_id,emo,emo_emb
/home/ubuntu/efs/sts/train/tts/30163_whispering_tts.wav,30163,whispering,/home/ubuntu/efs/sts/train/tts/30163_whispering_tts.wav.emo.npy
path,text_id,emo,emo_emb
/home/ubuntu/efs/sts/train/tts/43824_sad_tts.wav,43824,sad,/home/ubuntu/efs/sts/train/tts/43824_sad_tts.wav.emo.npy
path,text_id,emo,emo_emb
/home/ubuntu/efs/sts/train/tts/11911_whispering_tts.wav,11911,whispering,/home/ubuntu/efs/sts/train/tts/11911_whispering_tts.wav.emo.npy
path,text_id,emo,emo_emb
/home/ubuntu/efs/sts/train/tts/60537_sad_tts.wav,60537,sad,/home/ubuntu/efs/sts/train/tts/60537_sad_tts.wav.emo.npy
path,text_id,emo,emo_emb
/home/ubuntu/efs/sts/train/tts/27663_default_tts.wav,27663,default,/home/ubuntu/efs/sts/train/tts/27663_default_tts.wav.emo.npy
path,text_id,emo,emo_emb
/home/ubuntu/efs/sts/train/tts/40063_whispering_tts.wav,40063,whispering,/home/ubuntu/efs/sts/train/tts/40063_whispering_tts.wav.emo.npy
path,text_id,emo,emo_emb
/home/ubuntu/efs/sts/train/tts/28560_sad_tts.wav,28560,sad,/home/ubuntu/efs/sts/train/tts/28560_sad_tts.wav.emo.npy
path,text_id,emo,emo_emb
/home/ubuntu/efs/sts/train/tts/47850_default_tts.wav,47850,default,/home/ubuntu/efs/sts/train/tts/47850_default_tts.wav.emo.npy
path,text_id,emo,emo_emb
/home/ubuntu/efs/sts/train/tts/47037_sad_tts.wav,47037,sad,/home/ubuntu/efs/sts/train/tts/47037_sad_tts.wav.emo.npy
path,text_id,emo,emo_emb
/home/ubuntu/efs/sts/train/tts/29039_excited_tts.wav,29039,excited,/home/ubuntu/efs/sts/train/tts/29039_excited_tts.wav.emo.npy
path,text_id,emo,emo_emb
/home/ubuntu/efs/sts/train/tts/17993_whispering_tts.wav,17993,whispering,/home/ubuntu/efs/sts/train/tts/17993_whispering_tts.wav.emo.npy
path,text_id,emo,emo_emb
/home/ubuntu/efs/sts/train/tts/25437_sad_tts.wav,25437,sad,/home/ubuntu/efs/sts/train/tts/25437_sad_tts.wav.emo.npy
path,text_id,emo,emo_emb
/home/ubuntu/efs/sts/train/tts/27951_default_tts.wav,27951,default,/home/ubuntu/efs/sts/train/tts/27951_default_tts.wav.emo.npy
path,text_id,emo,emo_emb
/home/ubuntu/efs/sts/train/tts/64247_excited_tts.wav,64247,excited,/home/ubuntu/efs/sts/train/tts/64247_excited_tts.wav.emo.npy
path,text_id,emo,emo_emb
/home/ubuntu/efs/sts/train/tts/28560_whispering_tts.wav,28560,whispering,/home/ubuntu/efs/sts/train/tts/28560_whispering_tts.wav.emo.npy
path,text_id,emo,emo_emb
/home/ubuntu/efs/sts/train/tts/29039_cheerful_tts.wav,29039,cheerful,/home/ubuntu/efs/sts/train/tts/29039_cheerful_tts.wav.emo.npy
path,text_id,emo,emo_emb
/home/ubuntu/efs/sts/train/tts/64247_terrified_tts.wav,64247,terrified,/home/ubuntu/efs/sts/train/tts/64247_terrified_tts.wav.emo.npy
path,text_id,emo,emo_emb
/home/ubuntu/efs/sts/train/tts/47037_whispering_tts.wav,47037,whispering,/home/ubuntu/efs/sts/train/tts/47037_whispering_tts.wav.emo.npy
path,text_id,emo,emo_emb
/home/ubuntu/efs/sts/train/tts/27951_friendly_tts.wav,27951,friendly,/home/ubuntu/efs/sts/train/tts/27951_friendly_tts.wav.emo.npy
path,text_id,emo,emo_emb
/home/ubuntu/efs/sts/train/tts/30163_sad_tts.wav,30163,sad,/home/ubuntu/efs/sts/train/tts/30163_sad_tts.wav.emo.npy
path,text_id,emo,emo_emb
/home/ubuntu/efs/sts/train/tts/25437_whispering_tts.wav,25437,whispering,/home/ubuntu/efs/sts/train/tts/25437_whispering_tts.wav.emo.npy
path,text_id,emo,emo_emb
/home/ubuntu/efs/sts/train/tts/11911_sad_tts.wav,11911,sad,/home/ubuntu/efs/sts/train/tts/11911_sad_tts.wav.emo.npy
path,text_id,emo,emo_emb
/home/ubuntu/efs/sts/train/tts/47850_friendly_tts.wav,47850,friendly,/home/ubuntu/efs/sts/train/tts/47850_friendly_tts.wav.emo.npy
path,text_id,emo,emo_emb
/home/ubuntu/efs/sts/train/tts/29039_terrified_tts.wav,29039,terrified,/home/ubuntu/efs/sts/train/tts/29039_terrified_tts.wav.emo.npy
path,text_id,emo,emo_emb
/home/ubuntu/efs/sts/train/tts/21917_shouting_tts.wav,21917,shouting,/home/ubuntu/efs/sts/train/tts/21917_shouting_tts.wav.emo.npy
path,text_id,emo,emo_emb
/home/ubuntu/efs/sts/train/tts/40063_sad_tts.wav,40063,sad,/home/ubuntu/efs/sts/train/tts/40063_sad_tts.wav.emo.npy
path,text_id,emo,emo_emb
/home/ubuntu/efs/sts/train/tts/21917_angry_tts.wav,21917,angry,/home/ubuntu/efs/sts/train/tts/21917_angry_tts.wav.emo.npy
path,text_id,emo,emo_emb
/home/ubuntu/efs/sts/train/tts/64247_cheerful_tts.wav,64247,cheerful,/home/ubuntu/efs/sts/train/tts/64247_cheerful_tts.wav.emo.npy
path,text_id,emo,emo_emb
/home/ubuntu/efs/sts/train/tts/60537_whispering_tts.wav,60537,whispering,/home/ubuntu/efs/sts/train/tts/60537_whispering_tts.wav.emo.npy
path,text_id,emo,emo_emb
/home/ubuntu/efs/sts/train/tts/17993_sad_tts.wav,17993,sad,/home/ubuntu/efs/sts/train/tts/17993_sad_tts.wav.emo.npy
path,text_id,emo,emo_emb
/home/ubuntu/efs/sts/train/tts/43824_whispering_tts.wav,43824,whispering,/home/ubuntu/efs/sts/train/tts/43824_whispering_tts.wav.emo.npy
path,text_id,emo,emo_emb
/home/ubuntu/efs/sts/train/tts/27663_friendly_tts.wav,27663,friendly,/home/ubuntu/efs/sts/train/tts/27663_friendly_tts.wav.emo.npy
path,text_id,emo,emo_emb
/home/ubuntu/efs/sts/train/tts/53998_excited_tts.wav,53998,excited,/home/ubuntu/efs/sts/train/tts/53998_excited_tts.wav.emo.npy
path,text_id,emo,emo_emb
/home/ubuntu/efs/sts/train/tts/64247_shouting_tts.wav,64247,shouting,/home/ubuntu/efs/sts/train/tts/64247_shouting_tts.wav.emo.npy
path,text_id,emo,emo_emb
/home/ubuntu/efs/sts/train/tts/7074_excited_tts.wav,7074,excited,/home/ubuntu/efs/sts/train/tts/7074_excited_tts.wav.emo.npy
path,text_id,emo,emo_emb
/home/ubuntu/efs/sts/train/tts/47850_whispering_tts.wav,47850,whispering,/home/ubuntu/efs/sts/train/tts/47850_whispering_tts.wav.emo.npy
path,text_id,emo,emo_emb
/home/ubuntu/efs/sts/train/tts/42974_terrified_tts.wav,42974,terrified,/home/ubuntu/efs/sts/train/tts/42974_terrified_tts.wav.emo.npy
path,text_id,emo,emo_emb
/home/ubuntu/efs/sts/train/tts/29039_shouting_tts.wav,29039,shouting,/home/ubuntu/efs/sts/train/tts/29039_shouting_tts.wav.emo.npy
path,text_id,emo,emo_emb
/home/ubuntu/efs/sts/train/tts/34273_default_tts.wav,34273,default,/home/ubuntu/efs/sts/train/tts/34273_default_tts.wav.emo.npy
path,text_id,emo,emo_emb
/home/ubuntu/efs/sts/train/tts/27951_whispering_tts.wav,27951,whispering,/home/ubuntu/efs/sts/train/tts/27951_whispering_tts.wav.emo.npy
path,text_id,emo,emo_emb
/home/ubuntu/efs/sts/train/tts/29039_angry_tts.wav,29039,angry,/home/ubuntu/efs/sts/train/tts/29039_angry_tts.wav.emo.npy
path,text_id,emo,emo_emb
/home/ubuntu/efs/sts/train/tts/27663_whispering_tts.wav,27663,whispering,/home/ubuntu/efs/sts/train/tts/27663_whispering_tts.wav.emo.npy
path,text_id,emo,emo_emb
/home/ubuntu/efs/sts/train/tts/19548_friendly_tts.wav,19548,friendly,/home/ubuntu/efs/sts/train/tts/19548_friendly_tts.wav.emo.npy
path,text_id,emo,emo_emb
/home/ubuntu/efs/sts/train/tts/42974_cheerful_tts.wav,42974,cheerful,/home/ubuntu/efs/sts/train/tts/42974_cheerful_tts.wav.emo.npy
path,text_id,emo,emo_emb
/home/ubuntu/efs/sts/train/tts/64247_angry_tts.wav,64247,angry,/home/ubuntu/efs/sts/train/tts/64247_angry_tts.wav.emo.npy
path,text_id,emo,emo_emb
/home/ubuntu/efs/sts/train/tts/30448_default_tts.wav,30448,default,/home/ubuntu/efs/sts/train/tts/30448_default_tts.wav.emo.npy
path,text_id,emo,emo_emb
/home/ubuntu/efs/sts/train/tts/19548_default_tts.wav,19548,default,/home/ubuntu/efs/sts/train/tts/19548_default_tts.wav.emo.npy
path,text_id,emo,emo_emb
/home/ubuntu/efs/sts/train/tts/27663_sad_tts.wav,27663,sad,/home/ubuntu/efs/sts/train/tts/27663_sad_tts.wav.emo.npy
path,text_id,emo,emo_emb
/home/ubuntu/efs/sts/train/tts/34273_friendly_tts.wav,34273,friendly,/home/ubuntu/efs/sts/train/tts/34273_friendly_tts.wav.emo.npy
path,text_id,emo,emo_emb
/home/ubuntu/efs/sts/train/tts/7074_cheerful_tts.wav,7074,cheerful,/home/ubuntu/efs/sts/train/tts/7074_cheerful_tts.wav.emo.npy
path,text_id,emo,emo_emb
/home/ubuntu/efs/sts/train/tts/42974_excited_tts.wav,42974,excited,/home/ubuntu/efs/sts/train/tts/42974_excited_tts.wav.emo.npy
path,text_id,emo,emo_emb
/home/ubuntu/efs/sts/train/tts/53998_cheerful_tts.wav,53998,cheerful,/home/ubuntu/efs/sts/train/tts/53998_cheerful_tts.wav.emo.npy
path,text_id,emo,emo_emb
/home/ubuntu/efs/sts/train/tts/27951_sad_tts.wav,27951,sad,/home/ubuntu/efs/sts/train/tts/27951_sad_tts.wav.emo.npy
path,text_id,emo,emo_emb
/home/ubuntu/efs/sts/train/tts/30448_friendly_tts.wav,30448,friendly,/home/ubuntu/efs/sts/train/tts/30448_friendly_tts.wav.emo.npy
path,text_id,emo,emo_emb
/home/ubuntu/efs/sts/train/tts/53998_terrified_tts.wav,53998,terrified,/home/ubuntu/efs/sts/train/tts/53998_terrified_tts.wav.emo.npy
path,text_id,emo,emo_emb
/home/ubuntu/efs/sts/train/tts/7074_terrified_tts.wav,7074,terrified,/home/ubuntu/efs/sts/train/tts/7074_terrified_tts.wav.emo.npy
path,text_id,emo,emo_emb
/home/ubuntu/efs/sts/train/tts/47850_sad_tts.wav,47850,sad,/home/ubuntu/efs/sts/train/tts/47850_sad_tts.wav.emo.npy
path,text_id,emo,emo_emb
/home/ubuntu/efs/sts/train/tts/19548_angry_tts.wav,19548,angry,/home/ubuntu/efs/sts/train/tts/19548_angry_tts.wav.emo.npy
path,text_id,emo,emo_emb
/home/ubuntu/efs/sts/train/tts/42439_excited_tts.wav,42439,excited,/home/ubuntu/efs/sts/train/tts/42439_excited_tts.wav.emo.npy
path,text_id,emo,emo_emb
/home/ubuntu/efs/sts/train/tts/63607_excited_tts.wav,63607,excited,/home/ubuntu/efs/sts/train/tts/63607_excited_tts.wav.emo.npy
path,text_id,emo,emo_emb
/home/ubuntu/efs/sts/train/tts/19548_shouting_tts.wav,19548,shouting,/home/ubuntu/efs/sts/train/tts/19548_shouting_tts.wav.emo.npy
path,text_id,emo,emo_emb
/home/ubuntu/efs/sts/train/tts/29039_default_tts.wav,29039,default,/home/ubuntu/efs/sts/train/tts/29039_default_tts.wav.emo.npy
path,text_id,emo,emo_emb
/home/ubuntu/efs/sts/train/tts/64247_default_tts.wav,64247,default,/home/ubuntu/efs/sts/train/tts/64247_default_tts.wav.emo.npy
path,text_id,emo,emo_emb
/home/ubuntu/efs/sts/train/tts/21917_sad_tts.wav,21917,sad,/home/ubuntu/efs/sts/train/tts/21917_sad_tts.wav.emo.npy
path,text_id,emo,emo_emb
/home/ubuntu/efs/sts/train/tts/29290_excited_tts.wav,29290,excited,/home/ubuntu/efs/sts/train/tts/29290_excited_tts.wav.emo.npy
path,text_id,emo,emo_emb
/home/ubuntu/efs/sts/train/tts/34273_shouting_tts.wav,34273,shouting,/home/ubuntu/efs/sts/train/tts/34273_shouting_tts.wav.emo.npy
path,text_id,emo,emo_emb
/home/ubuntu/efs/sts/train/tts/42439_cheerful_tts.wav,42439,cheerful,/home/ubuntu/efs/sts/train/tts/42439_cheerful_tts.wav.emo.npy
path,text_id,emo,emo_emb
/home/ubuntu/efs/sts/train/tts/30448_angry_tts.wav,30448,angry,/home/ubuntu/efs/sts/train/tts/30448_angry_tts.wav.emo.npy
path,text_id,emo,emo_emb
/home/ubuntu/efs/sts/train/tts/29290_terrified_tts.wav,29290,terrified,/home/ubuntu/efs/sts/train/tts/29290_terrified_tts.wav.emo.npy
path,text_id,emo,emo_emb
/home/ubuntu/efs/sts/train/tts/63607_cheerful_tts.wav,63607,cheerful,/home/ubuntu/efs/sts/train/tts/63607_cheerful_tts.wav.emo.npy
path,text_id,emo,emo_emb
/home/ubuntu/efs/sts/train/tts/29290_cheerful_tts.wav,29290,cheerful,/home/ubuntu/efs/sts/train/tts/29290_cheerful_tts.wav.emo.npy
path,text_id,emo,emo_emb
/home/ubuntu/efs/sts/train/tts/34273_angry_tts.wav,34273,angry,/home/ubuntu/efs/sts/train/tts/34273_angry_tts.wav.emo.npy
path,text_id,emo,emo_emb
/home/ubuntu/efs/sts/train/tts/29039_friendly_tts.wav,29039,friendly,/home/ubuntu/efs/sts/train/tts/29039_friendly_tts.wav.emo.npy
path,text_id,emo,emo_emb
/home/ubuntu/efs/sts/train/tts/64247_friendly_tts.wav,64247,friendly,/home/ubuntu/efs/sts/train/tts/64247_friendly_tts.wav.emo.npy
path,text_id,emo,emo_emb
/home/ubuntu/efs/sts/train/tts/21917_whispering_tts.wav,21917,whispering,/home/ubuntu/efs/sts/train/tts/21917_whispering_tts.wav.emo.npy
path,text_id,emo,emo_emb
/home/ubuntu/efs/sts/train/tts/42439_terrified_tts.wav,42439,terrified,/home/ubuntu/efs/sts/train/tts/42439_terrified_tts.wav.emo.npy
path,text_id,emo,emo_emb
/home/ubuntu/efs/sts/train/tts/30448_shouting_tts.wav,30448,shouting,/home/ubuntu/efs/sts/train/tts/30448_shouting_tts.wav.emo.npy
path,text_id,emo,emo_emb
/home/ubuntu/efs/sts/train/tts/63607_terrified_tts.wav,63607,terrified,/home/ubuntu/efs/sts/train/tts/63607_terrified_tts.wav.emo.npy
path,text_id,emo,emo_emb
/home/ubuntu/efs/sts/train/tts/60537_default_tts.wav,60537,default,/home/ubuntu/efs/sts/train/tts/60537_default_tts.wav.emo.npy
path,text_id,emo,emo_emb
/home/ubuntu/efs/sts/train/tts/25639_shouting_tts.wav,25639,shouting,/home/ubuntu/efs/sts/train/tts/25639_shouting_tts.wav.emo.npy
path,text_id,emo,emo_emb
/home/ubuntu/efs/sts/train/tts/17993_friendly_tts.wav,17993,friendly,/home/ubuntu/efs/sts/train/tts/17993_friendly_tts.wav.emo.npy
path,text_id,emo,emo_emb
/home/ubuntu/efs/sts/train/tts/43824_default_tts.wav,43824,default,/home/ubuntu/efs/sts/train/tts/43824_default_tts.wav.emo.npy
path,text_id,emo,emo_emb
/home/ubuntu/efs/sts/train/tts/53998_sad_tts.wav,53998,sad,/home/ubuntu/efs/sts/train/tts/53998_sad_tts.wav.emo.npy
path,text_id,emo,emo_emb
/home/ubuntu/efs/sts/train/tts/7074_sad_tts.wav,7074,sad,/home/ubuntu/efs/sts/train/tts/7074_sad_tts.wav.emo.npy
path,text_id,emo,emo_emb
/home/ubuntu/efs/sts/train/tts/30163_friendly_tts.wav,30163,friendly,/home/ubuntu/efs/sts/train/tts/30163_friendly_tts.wav.emo.npy
path,text_id,emo,emo_emb
/home/ubuntu/efs/sts/train/tts/25437_default_tts.wav,25437,default,/home/ubuntu/efs/sts/train/tts/25437_default_tts.wav.emo.npy
path,text_id,emo,emo_emb
/home/ubuntu/efs/sts/train/tts/21917_excited_tts.wav,21917,excited,/home/ubuntu/efs/sts/train/tts/21917_excited_tts.wav.emo.npy
path,text_id,emo,emo_emb
/home/ubuntu/efs/sts/train/tts/25639_angry_tts.wav,25639,angry,/home/ubuntu/efs/sts/train/tts/25639_angry_tts.wav.emo.npy
path,text_id,emo,emo_emb
/home/ubuntu/efs/sts/train/tts/18179_whispering_tts.wav,18179,whispering,/home/ubuntu/efs/sts/train/tts/18179_whispering_tts.wav.emo.npy
path,text_id,emo,emo_emb
/home/ubuntu/efs/sts/train/tts/40063_friendly_tts.wav,40063,friendly,/home/ubuntu/efs/sts/train/tts/40063_friendly_tts.wav.emo.npy
path,text_id,emo,emo_emb
/home/ubuntu/efs/sts/train/tts/42974_whispering_tts.wav,42974,whispering,/home/ubuntu/efs/sts/train/tts/42974_whispering_tts.wav.emo.npy
path,text_id,emo,emo_emb
/home/ubuntu/efs/sts/train/tts/11911_friendly_tts.wav,11911,friendly,/home/ubuntu/efs/sts/train/tts/11911_friendly_tts.wav.emo.npy
path,text_id,emo,emo_emb
/home/ubuntu/efs/sts/train/tts/28560_default_tts.wav,28560,default,/home/ubuntu/efs/sts/train/tts/28560_default_tts.wav.emo.npy
path,text_id,emo,emo_emb
/home/ubuntu/efs/sts/train/tts/47037_default_tts.wav,47037,default,/home/ubuntu/efs/sts/train/tts/47037_default_tts.wav.emo.npy
path,text_id,emo,emo_emb
/home/ubuntu/efs/sts/train/tts/43824_friendly_tts.wav,43824,friendly,/home/ubuntu/efs/sts/train/tts/43824_friendly_tts.wav.emo.npy
path,text_id,emo,emo_emb
/home/ubuntu/efs/sts/train/tts/11911_default_tts.wav,11911,default,/home/ubuntu/efs/sts/train/tts/11911_default_tts.wav.emo.npy
path,text_id,emo,emo_emb
/home/ubuntu/efs/sts/train/tts/53998_whispering_tts.wav,53998,whispering,/home/ubuntu/efs/sts/train/tts/53998_whispering_tts.wav.emo.npy
path,text_id,emo,emo_emb
/home/ubuntu/efs/sts/train/tts/7074_whispering_tts.wav,7074,whispering,/home/ubuntu/efs/sts/train/tts/7074_whispering_tts.wav.emo.npy
path,text_id,emo,emo_emb
/home/ubuntu/efs/sts/train/tts/21917_terrified_tts.wav,21917,terrified,/home/ubuntu/efs/sts/train/tts/21917_terrified_tts.wav.emo.npy
path,text_id,emo,emo_emb
/home/ubuntu/efs/sts/train/tts/42974_sad_tts.wav,42974,sad,/home/ubuntu/efs/sts/train/tts/42974_sad_tts.wav.emo.npy
path,text_id,emo,emo_emb
/home/ubuntu/efs/sts/train/tts/40063_default_tts.wav,40063,default,/home/ubuntu/efs/sts/train/tts/40063_default_tts.wav.emo.npy
path,text_id,emo,emo_emb
/home/ubuntu/efs/sts/train/tts/60537_friendly_tts.wav,60537,friendly,/home/ubuntu/efs/sts/train/tts/60537_friendly_tts.wav.emo.npy
path,text_id,emo,emo_emb
/home/ubuntu/efs/sts/train/tts/30163_default_tts.wav,30163,default,/home/ubuntu/efs/sts/train/tts/30163_default_tts.wav.emo.npy
path,text_id,emo,emo_emb
/home/ubuntu/efs/sts/train/tts/28560_friendly_tts.wav,28560,friendly,/home/ubuntu/efs/sts/train/tts/28560_friendly_tts.wav.emo.npy
path,text_id,emo,emo_emb
/home/ubuntu/efs/sts/train/tts/47037_friendly_tts.wav,47037,friendly,/home/ubuntu/efs/sts/train/tts/47037_friendly_tts.wav.emo.npy
path,text_id,emo,emo_emb
/home/ubuntu/efs/sts/train/tts/21917_cheerful_tts.wav,21917,cheerful,/home/ubuntu/efs/sts/train/tts/21917_cheerful_tts.wav.emo.npy
path,text_id,emo,emo_emb
/home/ubuntu/efs/sts/train/tts/17993_default_tts.wav,17993,default,/home/ubuntu/efs/sts/train/tts/17993_default_tts.wav.emo.npy
path,text_id,emo,emo_emb
/home/ubuntu/efs/sts/train/tts/25437_friendly_tts.wav,25437,friendly,/home/ubuntu/efs/sts/train/tts/25437_friendly_tts.wav.emo.npy
path,text_id,emo,emo_emb
/home/ubuntu/efs/sts/train/tts/11911_angry_tts.wav,11911,angry,/home/ubuntu/efs/sts/train/tts/11911_angry_tts.wav.emo.npy
path,text_id,emo,emo_emb
/home/ubuntu/efs/sts/train/tts/40063_angry_tts.wav,40063,angry,/home/ubuntu/efs/sts/train/tts/40063_angry_tts.wav.emo.npy
path,text_id,emo,emo_emb
/home/ubuntu/efs/sts/train/tts/63607_sad_tts.wav,63607,sad,/home/ubuntu/efs/sts/train/tts/63607_sad_tts.wav.emo.npy
path,text_id,emo,emo_emb
/home/ubuntu/efs/sts/train/tts/30163_angry_tts.wav,30163,angry,/home/ubuntu/efs/sts/train/tts/30163_angry_tts.wav.emo.npy
path,text_id,emo,emo_emb
/home/ubuntu/efs/sts/train/tts/42439_sad_tts.wav,42439,sad,/home/ubuntu/efs/sts/train/tts/42439_sad_tts.wav.emo.npy
path,text_id,emo,emo_emb
/home/ubuntu/efs/sts/train/tts/27663_excited_tts.wav,27663,excited,/home/ubuntu/efs/sts/train/tts/27663_excited_tts.wav.emo.npy
path,text_id,emo,emo_emb
/home/ubuntu/efs/sts/train/tts/17993_shouting_tts.wav,17993,shouting,/home/ubuntu/efs/sts/train/tts/17993_shouting_tts.wav.emo.npy
path,text_id,emo,emo_emb
/home/ubuntu/efs/sts/train/tts/47850_excited_tts.wav,47850,excited,/home/ubuntu/efs/sts/train/tts/47850_excited_tts.wav.emo.npy
path,text_id,emo,emo_emb
/home/ubuntu/efs/sts/train/tts/29290_sad_tts.wav,29290,sad,/home/ubuntu/efs/sts/train/tts/29290_sad_tts.wav.emo.npy
path,text_id,emo,emo_emb
/home/ubuntu/efs/sts/train/tts/25639_default_tts.wav,25639,default,/home/ubuntu/efs/sts/train/tts/25639_default_tts.wav.emo.npy
path,text_id,emo,emo_emb
/home/ubuntu/efs/sts/train/tts/30163_shouting_tts.wav,30163,shouting,/home/ubuntu/efs/sts/train/tts/30163_shouting_tts.wav.emo.npy
path,text_id,emo,emo_emb
/home/ubuntu/efs/sts/train/tts/17993_angry_tts.wav,17993,angry,/home/ubuntu/efs/sts/train/tts/17993_angry_tts.wav.emo.npy
path,text_id,emo,emo_emb
/home/ubuntu/efs/sts/train/tts/11911_shouting_tts.wav,11911,shouting,/home/ubuntu/efs/sts/train/tts/11911_shouting_tts.wav.emo.npy
path,text_id,emo,emo_emb
/home/ubuntu/efs/sts/train/tts/27951_excited_tts.wav,27951,excited,/home/ubuntu/efs/sts/train/tts/27951_excited_tts.wav.emo.npy
path,text_id,emo,emo_emb
/home/ubuntu/efs/sts/train/tts/40063_shouting_tts.wav,40063,shouting,/home/ubuntu/efs/sts/train/tts/40063_shouting_tts.wav.emo.npy
path,text_id,emo,emo_emb
/home/ubuntu/efs/sts/train/tts/25437_angry_tts.wav,25437,angry,/home/ubuntu/efs/sts/train/tts/25437_angry_tts.wav.emo.npy
path,text_id,emo,emo_emb
/home/ubuntu/efs/sts/train/tts/47850_terrified_tts.wav,47850,terrified,/home/ubuntu/efs/sts/train/tts/47850_terrified_tts.wav.emo.npy
path,text_id,emo,emo_emb
/home/ubuntu/efs/sts/train/tts/63607_whispering_tts.wav,63607,whispering,/home/ubuntu/efs/sts/train/tts/63607_whispering_tts.wav.emo.npy
path,text_id,emo,emo_emb
/home/ubuntu/efs/sts/train/tts/43824_shouting_tts.wav,43824,shouting,/home/ubuntu/efs/sts/train/tts/43824_shouting_tts.wav.emo.npy
path,text_id,emo,emo_emb
/home/ubuntu/efs/sts/train/tts/42439_whispering_tts.wav,42439,whispering,/home/ubuntu/efs/sts/train/tts/42439_whispering_tts.wav.emo.npy
path,text_id,emo,emo_emb
/home/ubuntu/efs/sts/train/tts/27951_terrified_tts.wav,27951,terrified,/home/ubuntu/efs/sts/train/tts/27951_terrified_tts.wav.emo.npy
path,text_id,emo,emo_emb
/home/ubuntu/efs/sts/train/tts/27663_cheerful_tts.wav,27663,cheerful,/home/ubuntu/efs/sts/train/tts/27663_cheerful_tts.wav.emo.npy
path,text_id,emo,emo_emb
/home/ubuntu/efs/sts/train/tts/60537_shouting_tts.wav,60537,shouting,/home/ubuntu/efs/sts/train/tts/60537_shouting_tts.wav.emo.npy
path,text_id,emo,emo_emb
/home/ubuntu/efs/sts/train/tts/47037_angry_tts.wav,47037,angry,/home/ubuntu/efs/sts/train/tts/47037_angry_tts.wav.emo.npy
path,text_id,emo,emo_emb
/home/ubuntu/efs/sts/train/tts/28560_angry_tts.wav,28560,angry,/home/ubuntu/efs/sts/train/tts/28560_angry_tts.wav.emo.npy
path,text_id,emo,emo_emb
/home/ubuntu/efs/sts/train/tts/28560_shouting_tts.wav,28560,shouting,/home/ubuntu/efs/sts/train/tts/28560_shouting_tts.wav.emo.npy
path,text_id,emo,emo_emb
/home/ubuntu/efs/sts/train/tts/43824_angry_tts.wav,43824,angry,/home/ubuntu/efs/sts/train/tts/43824_angry_tts.wav.emo.npy
path,text_id,emo,emo_emb
/home/ubuntu/efs/sts/train/tts/47037_shouting_tts.wav,47037,shouting,/home/ubuntu/efs/sts/train/tts/47037_shouting_tts.wav.emo.npy
path,text_id,emo,emo_emb
/home/ubuntu/efs/sts/train/tts/27663_terrified_tts.wav,27663,terrified,/home/ubuntu/efs/sts/train/tts/27663_terrified_tts.wav.emo.npy
path,text_id,emo,emo_emb
/home/ubuntu/efs/sts/train/tts/47850_cheerful_tts.wav,47850,cheerful,/home/ubuntu/efs/sts/train/tts/47850_cheerful_tts.wav.emo.npy
path,text_id,emo,emo_emb
/home/ubuntu/efs/sts/train/tts/25437_shouting_tts.wav,25437,shouting,/home/ubuntu/efs/sts/train/tts/25437_shouting_tts.wav.emo.npy
path,text_id,emo,emo_emb
/home/ubuntu/efs/sts/train/tts/60537_angry_tts.wav,60537,angry,/home/ubuntu/efs/sts/train/tts/60537_angry_tts.wav.emo.npy
path,text_id,emo,emo_emb
/home/ubuntu/efs/sts/train/tts/29290_whispering_tts.wav,29290,whispering,/home/ubuntu/efs/sts/train/tts/29290_whispering_tts.wav.emo.npy
path,text_id,emo,emo_emb
/home/ubuntu/efs/sts/train/tts/27951_cheerful_tts.wav,27951,cheerful,/home/ubuntu/efs/sts/train/tts/27951_cheerful_tts.wav.emo.npy
path,text_id,emo,emo_emb
/home/ubuntu/efs/sts/train/tts/25639_friendly_tts.wav,25639,friendly,/home/ubuntu/efs/sts/train/tts/25639_friendly_tts.wav.emo.npy
